Genre,EU_Sales,JP_Sales,NA_Sales
Action,524.9999999999892,159.95000000000024,877.82999999999174